{"pizza": {"pizza": 23.322825556098213, "chicken": 13.745972859513813, "burgers": 10.680223851186254, "italian": 26.429508811398577, "peri-peri": 13.46647646219686, "kebabs": 15.770308123249299, "wraps": 4.371584699453552, "american": 9.705740472744814, "mediterranean": 6.8181818181818175, "authentic-pizza": 15.469613259668508, "persian": 0.9535918626827717, "iranian": 3.879849812265332, "turkish": 3.3310360670801744, "south-indian": 0.19120458891013384, "sri-lankan": 0.1610305958132045, "fish-and-chips": 12.977970551306928, "grill": 10.056070209653829, "vegetarian": 2.241715399610136, "indian": 0.8044198895027623, "curry": 1.4610254849331747, "desserts": 2.316933638443936, "portuguese": 1.5025041736227045, "caribbean": 0.6172839506172839, "lebanese": 0.05614823133071309, "moroccan": 0.5681818181818182, "pasta": 20.1338199513382, "gourmet": 6.813627254509018, "subways": 0.6172839506172839, "sandwiches": 0.23622047244094488, "healthy": 1.1711125569290826, "breakfast": 0.0350140056022409, "english": 10.686070686070687, "mexican": 1.1347517730496455, "burritos": 1.4450867052023122, "milkshakes": 5.7657657657657655, "greek": 0.6722689075630253, "middle-eastern": 1.090909090909091, "arabic": 0.5961251862891207, "pakistani": 0.043696744592527856, "asian": 0.192492781520693, "steak": 4.972375690607735}, "french_fries": {"pizza": 3.3861682132338795, "chicken": 4.359074489895538, "breakfast": 3.431372549019608, "burgers": 4.516434145187988, "italian": 1.7857142857142856, "peri-peri": 2.948169281978126, "kebabs": 6.5106042416966785, "wraps": 11.748633879781421, "oriental": 1.1966574720103846, "vietnamese": 0.5719733079122974, "american": 2.4216111915098892, "indian": 1.1874769797421731, "curry": 1.3309720800243503, "chinese": 1.0385185999230728, "thai": 0.44616137983568205, "bangladeshi": 0.9681604950593871, "fish-and-chips": 6.871361716699006, "grill": 3.3764017552413454, "mediterranean": 3.3891547049441786, "turkish": 7.71881461061337, "authentic-pizza": 0.3683241252302026, "persian": 1.6528925619834711, "caribbean": 1.6260162601626018, "jamaican": 1.4735264735264737, "afghanistani": 0.8915304606240713, "middle-eastern": 1.5454545454545454, "greek": 2.689075630252101, "japanese": 0.1984652024345065, "lebanese": 2.133632790567097, "noodles": 1.263341319973862, "vegan": 0.7797270955165692, "pakistani": 1.3327507100720997, "seafood": 0.7476635514018692, "south-indian": 0.82855321861058, "vegetarian": 1.8518518518518516, "iranian": 1.6270337922403004, "desserts": 1.158466819221968, "african": 2.434077079107505, "gourmet": 2.905811623246493, "cakes": 0.5971769815418024, "nigerian": 0.408997955010225, "arabic": 1.4903129657228018, "ethiopian": 4.878048780487805, "asian": 0.5774783445620789, "fusion": 1.0438413361169103, "cafe": 2.312138728323699, "indo-chinese-fusion": 3.571428571428571, "mexican": 2.8368794326241136, "burritos": 4.046242774566474, "cantonese": 1.7751479289940828, "portuguese": 4.340567612687813, "french": 2.185792349726776, "malaysian": 0.9046052631578948, "moroccan": 0.5681818181818182, "pasta": 2.4330900243309004, "healthy": 2.7325959661678594, "steak": 2.209944751381215, "english": 3.5343035343035343, "syrian": 1.6304347826086956, "sandwiches": 3.0708661417322833, "sushi": 0.2243313201035375, "lunch": 0.17421602787456447, "biryani": 0.36900369003690037, "nepalese": 0.18501387604070307, "streetfood": 1.5267175572519083, "dim-sum": 1.5479876160990713, "kurdish": 4.0, "bbq": 7.6190476190476195, "polish": 0.8771929824561403, "british": 4.326923076923077, "scottish": 6.944444444444445, "milkshakes": 1.891891891891892, "korean": 0.5602240896358543, "smoothies": 4.081632653061225}, "hamburger": {"pizza": 6.232147878464977, "chicken": 12.491457580786879, "breakfast": 3.711484593837535, "burgers": 15.165129660282178, "italian": 2.6949756280464943, "peri-peri": 13.03851640513552, "kebabs": 8.267306922769107, "wraps": 3.825136612021858, "american": 7.120115774240232, "curry": 1.3503417360746008, "fish-and-chips": 7.521972377582467, "grill": 8.727450024378353, "mediterranean": 4.824561403508771, "turkish": 6.685044796691937, "persian": 1.0171646535282899, "pakistani": 1.267205593183308, "chinese": 0.009158012345000641, "vegan": 0.29239766081871343, "lebanese": 2.863559797866367, "indian": 1.0121546961325967, "oriental": 0.008112932013629726, "iranian": 2.753441802252816, "desserts": 3.2179633867276887, "greek": 2.1848739495798317, "mexican": 1.8439716312056738, "burritos": 2.023121387283237, "portuguese": 9.181969949916526, "caribbean": 0.30111412225233364, "bangladeshi": 0.13973450444156105, "vegetarian": 0.24366471734892786, "french": 45.3551912568306, "pasta": 1.824817518248175, "gourmet": 13.026052104208416, "healthy": 4.619388418998048, "jamaican": 0.27472527472527475, "steak": 15.469613259668508, "english": 3.7422037422037424, "arabic": 1.4903129657228018, "syrian": 6.521739130434782, "afghanistani": 3.4175334323922733, "sandwiches": 0.9448818897637795, "cafe": 1.9267822736030826, "noodles": 0.10890873448050534, "lunch": 1.3937282229965158, "polish": 2.1929824561403506, "british": 3.8461538461538463, "scottish": 6.944444444444445, "milkshakes": 7.027027027027027, "middle-eastern": 1.2727272727272727, "thai": 0.05440992437020513, "cakes": 0.4885993485342019, "asian": 1.7324350336862366, "malaysian": 0.8223684210526315, "smoothies": 5.612244897959184, "african": 0.1352265043948614}, "sashimi": {"japanese": 4.92193702037576, "oriental": 0.0770728541294824, "sushi": 5.694564279551337, "chinese": 0.012821217283000898, "thai": 0.0435279394961641, "healthy": 0.520494469746259}, "sushi": {"japanese": 3.2945223604128078, "oriental": 0.04462112607496349, "sushi": 3.986194995685936, "chinese": 0.0036632049380002567, "thai": 0.027204962185102564}, "hotdog": {"pizza": 0.0029599372493303144, "kebabs": 0.004001600640256103, "curry": 0.005534187442928691, "grill": 0.012189176011701608, "pasta": 0.06082725060827251, "breakfast": 0.0350140056022409}}